track_id,track_name,track_artist,track_popularity,track_album_id,track_album_name,track_album_release_date,playlist_name,playlist_id,playlist_genre,playlist_subgenre,danceability,energy,key,loudness,mode,speechiness,acousticness,instrumentalness,liveness,valence,tempo,duration_ms
6f807x0ima9a1j3VPbc7VN,I Don't Care (with Justin Bieber) - Loud Luxury Remix,Ed Sheeran,66,2oCs0DGTsRO98Gh5ZSl2Cx,I Don't Care (with Justin Bieber) [Loud Luxury Remix],2019-06-14,Pop Remix,37i9dQZF1DXcZDD7cfEKhW,pop,dance pop,0.748,0.916,6,-2.634,1,0.0583,0.102,0,0.0653,0.518,122.036,194754
0r7CVbZTWZgbTCYdfa2P31,Memories - Dillon Francis Remix,Maroon 5,67,63rPSO264uRjW1X5E6cWv6,Memories (Dillon Francis Remix),2019-12-13,Pop Remix,37i9dQZF1DXcZDD7cfEKhW,pop,dance pop,0.726,0.815,11,-4.969,1,0.0373,0.0724,0.00421,0.357,0.693,99.972,162600
1z1Hg7Vb0AhHDiEmnDE79l,All the Time - Don Diablo Remix,Zara Larsson,70,1HoSmj2eLcsrR0vE9gThr4,All the Time (Don Diablo Remix),2019-07-05,Pop Remix,37i9dQZF1DXcZDD7cfEKhW,pop,dance pop,0.675,0.931,1,-3.432,0,0.0742,0.0794,2.33e-5,0.11,0.613,124.008,176616
75FpbthrwQmzHlBJLuGdC7,Call You Mine - Keanu Silva Remix,The Chainsmokers,60,1nqYsOef1yKKuGOVchbsk6,Call You Mine - The Remixes,2019-07-19,Pop Remix,37i9dQZF1DXcZDD7cfEKhW,pop,dance pop,0.718,0.93,7,-3.778,1,0.102,0.0287,9.43e-6,0.204,0.277,121.956,169093
1e8PAfcKUYoKkxPhrHqw4x,Someone You Loved - Future Humans Remix,Lewis Capaldi,69,7m7vv9wlQ4i0LFuJiE2zsQ,Someone You Loved (Future Humans Remix),2019-03-05,Pop Remix,37i9dQZF1DXcZDD7cfEKhW,pop,dance pop,0.65,0.833,1,-4.672,1,0.0359,0.0803,0,0.0833,0.725,123.976,189052
7fvUMiyapMsRRxr07cU8Ef,Beautiful People (feat. Khalid) - Jack Wins Remix,Ed Sheeran,67,2yiy9cd2QktrNvWC2EUi0k,Beautiful People (feat. Khalid) [Jack Wins Remix],2019-07-11,Pop Remix,37i9dQZF1DXcZDD7cfEKhW,pop,dance pop,0.675,0.919,8,-5.385,1,0.127,0.0799,0,0.143,0.585,124.982,163049
2OAylPUDDfwRGfe0lYqlCQ,Never Really Over - R3HAB Remix,Katy Perry,62,7INHYSeusaFlyrHSNxm8qH,Never Really Over (R3HAB Remix),2019-07-26,Pop Remix,37i9dQZF1DXcZDD7cfEKhW,pop,dance pop,0.449,0.856,5,-4.788,0,0.0623,0.187,0,0.176,0.152,112.648,187675
6b1RNvAcJjQH73eZO4BLAB,Post Malone (feat. RANI) - GATTÜSO Remix,Sam Feldt,69,6703SRPsLkS4bPtMFFJes1,Post Malone (feat. RANI) [GATTÜSO Remix],2019-08-29,Pop Remix,37i9dQZF1DXcZDD7cfEKhW,pop,dance pop,0.542,0.903,4,-2.419,0,0.0434,0.0335,4.83e-6,0.111,0.367,127.936,207619
7bF6tCO3gFb8INrEDcjNT5,Tough Love - Tiësto Remix / Radio Edit,Avicii,68,7CvAfGvq4RlIwEbT9o8Iav,Tough Love (Tiësto Remix),2019-06-14,Pop Remix,37i9dQZF1DXcZDD7cfEKhW,pop,dance pop,0.594,0.935,8,-3.562,1,0.0565,0.0249,3.97e-6,0.637,0.366,127.015,193187
1IXGILkPm0tOCNeq00kCPa,If I Can't Have You - Gryffin Remix,Shawn Mendes,67,4QxzbfSsVryEQwvPFEV5Iu,If I Can't Have You (Gryffin Remix),2019-06-20,Pop Remix,37i9dQZF1DXcZDD7cfEKhW,pop,dance pop,0.642,0.818,2,-4.552,1,0.032,0.0567,0,0.0919,0.59,124.957,253040
3eFJI470ALf1EYjywPRsJy,Cross Me (feat. Chance the Rapper & PnB Rock) - M-22 Remix,Ed Sheeran,58,49bXZtlI5kQSqQMSCnSaWO,Cross Me (feat. Chance the Rapper & PnB Rock) [M-22 Remix],2019-06-21,Pop Remix,37i9dQZF1DXcZDD7cfEKhW,pop,dance pop,0.679,0.923,6,-6.5,1,0.181,0.146,4.92e-6,0.124,0.752,121.984,207894
3iJeF2izF1QcpCgUc97BLl,Hate Me - R3HAB Remix,Ellie Goulding,67,6e6RVFWdZaoTiLAZOCMnps,Hate Me (R3HAB Remix),2019-08-16,Pop Remix,37i9dQZF1DXcZDD7cfEKhW,pop,dance pop,0.437,0.774,8,-4.918,1,0.0554,0.148,0,0.133,0.329,123.125,203733
6e0CvGZf7CouOpYF8toXHC,Body On My,Loud Luxury,67,2R66I0nzp3NnuUlzIGWQ5P,Body On My,2019-03-29,Pop Remix,37i9dQZF1DXcZDD7cfEKhW,pop,dance pop,0.744,0.726,1,-4.675,1,0.0463,0.0399,0,0.374,0.687,121.985,192507
3eLdNmnRWr9gIyBcqTSSti,SOS - Laidback Luke Tribute Remix / Radio Edit,Avicii,68,7Al4TIo0c5twNLfdOh1y1u,SOS (Laidback Luke Tribute Remix),2019-05-17,Pop Remix,37i9dQZF1DXcZDD7cfEKhW,pop,dance pop,0.572,0.915,5,-4.451,0,0.0625,0.0111,0,0.339,0.678,123.919,164516
55nMnifaQWKe3f9cbwOXwx,Summer Days (feat. Macklemore & Patrick Stump of Fall Out Boy) - Tiësto Remix,Martin Garrix,63,2vx3BtBMn8Ed3ygEg1OT2t,Summer Days (feat. Macklemore & Patrick Stump of Fall Out Boy) [Remixes],2019-07-12,Pop Remix,37i9dQZF1DXcZDD7cfEKhW,pop,dance pop,0.69,0.78,5,-4.446,0,0.0594,0.00733,0.00183,0.0729,0.238,126.07,255238
1EJgymgJHcjSOGSHcYaxvW,South of the Border (feat. Camila Cabello & Cardi B) - Andy Jarvis Remix,Ed Sheeran,66,1imXAvLuowvPYIsFMYUPY0,South of the Border (feat. Camila Cabello & Cardi B) [Andy Jarvis Remix],2019-12-11,Pop Remix,37i9dQZF1DXcZDD7cfEKhW,pop,dance pop,0.805,0.835,0,-4.603,1,0.0896,0.13,5.03e-6,0.365,0.722,125.028,188230
5WaXMQMlQpq8pwIdaFP43L,All My Friends - Eden Prince Remix,AJ Mitchell,60,4lXBBbiEgwTzcfAkqdXJV1,All My Friends (Eden Prince Remix),2019-05-03,Pop Remix,37i9dQZF1DXcZDD7cfEKhW,pop,dance pop,0.694,0.901,1,-4.322,0,0.0948,0.0702,0,0.427,0.368,118.051,173548
3TjLsDgL0bTbSQIF6M5Ki8,Say My Name (feat. Bebe Rexha & J Balvin) - Lucas & Steve Remix,David Guetta,65,19z3vpbBT09lZ54neDfuFL,Say My Name (feat. Bebe Rexha & J Balvin) [Lucas & Steve Remix],2018-12-28,Pop Remix,37i9dQZF1DXcZDD7cfEKhW,pop,dance pop,0.678,0.747,10,-5.289,0,0.165,0.0395,0,0.174,0.516,120.002,189375
0GfS3y8Jd7SHWd9R51s7Fo,Dancing With A Stranger (With Normani) - Cheat Codes Remix,Sam Smith,69,2LDzwN4iZ4qbSA32E9CG4Q,Dancing With A Stranger (With Normani) [Cheat Codes Remix],2019-03-08,Pop Remix,37i9dQZF1DXcZDD7cfEKhW,pop,dance pop,0.746,0.557,1,-6.722,1,0.0542,0.103,0.0036,0.138,0.324,111.961,159404
2v3DuCVBbopteJqdM7aKQK,Let It Be Me - Sondr Remix,Steve Aoki,35,097kyycr5ZuLS2cPwwUHwt,Let It Be Me (Remixes),2019-10-18,Pop Remix,37i9dQZF1DXcZDD7cfEKhW,pop,dance pop,0.467,0.821,7,-5.466,1,0.0934,0.00791,4.41e-4,0.131,0.232,122.676,185366
4QAUGy6k7c3IOAhgWz52r7,Heaven - David Guetta & MORTEN Remix,Avicii,70,37bCTD5iLWMpDcBanNkkXB,Heaven (David Guetta & MORTEN Remix),2019-08-23,Pop Remix,37i9dQZF1DXcZDD7cfEKhW,pop,dance pop,0.572,0.934,6,-5.053,0,0.0446,0.00292,0.0198,0.105,0.204,125.948,215238
3Ciaf6WgvG95TGRGxQ1yO8,All Around The World (La La La) - Marnik Remix,R3HAB,64,5r998zJ0MNYb2TTxyQmjxT,All Around The World (La La La) [Marnik Remix],2019-08-23,Pop Remix,37i9dQZF1DXcZDD7cfEKhW,pop,dance pop,0.708,0.913,9,-4.329,0,0.0348,0.089,0.081,0.113,0.707,135.016,170667
1mC2UjWt25Oixtqu7C6suL,Don't Leave Me Alone (feat. Anne-Marie) - EDX's Indian Summer Remix,David Guetta,62,1WhPuMFm5VaTJqe9rl3C5Q,Don't Leave Me Alone (feat. Anne-Marie) [EDX's Indian Summer Remix],2019-05-08,Pop Remix,37i9dQZF1DXcZDD7cfEKhW,pop,dance pop,0.684,0.818,4,-4.477,0,0.128,0.0469,3.39e-6,0.119,0.336,123.938,210968
2wenGTypSYHXl1sN1pNC7X,Slow Dance (feat. Ava Max) - Sam Feldt Remix,AJ Mitchell,70,6Ol6C42O7AWnTkj8pHMHWv,Slow Dance (feat. Ava Max) [Sam Feldt Remix],2019-10-25,Pop Remix,37i9dQZF1DXcZDD7cfEKhW,pop,dance pop,0.732,0.85,1,-5.999,1,0.0444,0.114,2.02e-6,0.0388,0.372,124.024,193548
4sqABRRGU7CzcHXCyxUzFw,Do You Mean (feat. Ty Dolla $ign & bülow) - Myon Remix,The Chainsmokers,58,5vf16sRhXB2f3sS5kteU2T,Do You Mean - The Remixes (feat. Ty Dolla $ign & bülow),2019-05-24,Pop Remix,37i9dQZF1DXcZDD7cfEKhW,pop,dance pop,0.62,0.889,11,-3.785,1,0.0352,0.0163,1.86e-5,0.395,0.422,110.018,205093
5dy3WUywjZcalTno1io8TQ,Hold Me While You Wait - Steve Void Remix,Lewis Capaldi,63,1LTVUVJQ9wNArrbm02ZOVL,Hold Me While You Wait (Steve Void Remix),2019-06-21,Pop Remix,37i9dQZF1DXcZDD7cfEKhW,pop,dance pop,0.675,0.76,11,-7.037,1,0.0434,0.104,0,0.33,0.468,124.933,172800
2M9GeaCQXrV12J0wzBxIwi,One Thing Right - Firebeatz Remix,Marshmello,66,13pvchQvJxxpvvtsasA4NG,One Thing Right (Remixes),2019-08-09,Pop Remix,37i9dQZF1DXcZDD7cfEKhW,pop,dance pop,0.682,0.851,1,-7.117,0,0.0363,0.0146,8.34e-4,0.0289,0.348,126,192381
1zzOMDmkRZy0g9f4JTAZKn,Close To Me (with Diplo) (feat. Swae Lee) - CID Remix,Ellie Goulding,8,5bMicFMWsZlRZNTDq9h3oA,Close To Me (Remixes),2019-02-01,Pop Remix,37i9dQZF1DXcZDD7cfEKhW,pop,dance pop,0.663,0.905,1,-3.781,0,0.0511,0.0325,0,0.333,0.397,125.996,175000
4OFFY6L5ywYM1TwhXX69wQ,So Am I - Toby Green Remix,Ava Max,62,4pl2838fY2YPaqiT2yWuMo,So Am I (Toby Green Remix),2019-05-23,Pop Remix,37i9dQZF1DXcZDD7cfEKhW,pop,dance pop,0.625,0.938,6,-3.983,1,0.0517,0.00432,2.6e-4,0.0923,0.371,127.997,166875
1hr5Y2i4NlE3LPvQZ9Q5Ao,When You Leave - Breathe Carolina Remix,Nikki Vianna,30,6MhbDWEsAP9Xsgoj0TuEOc,When You Leave (Breathe Carolina Remix),2019-04-19,Pop Remix,37i9dQZF1DXcZDD7cfEKhW,pop,dance pop,0.679,0.909,1,-2.929,1,0.105,0.0334,0,0.269,0.819,119.885,155080
1aT7vltGhkjyMI3F3aO3A4,Mother - Fedde Le Grand Remix,Charlie Puth,56,2Ryw2kkGP0VecGM9b4kjgo,Mother (Fedde Le Grand Remix),2019-11-01,Pop Remix,37i9dQZF1DXcZDD7cfEKhW,pop,dance pop,0.641,0.869,11,-4.754,1,0.0423,0.0319,0.00131,0.403,0.358,128.091,178125
4YaU1EjXIkdRdkOI4cCZys,Signs - Eden Prince Remix,Starley,56,249wM0bMES3O4nFuwARq9i,Signs (Eden Prince Remix),2018-11-30,Pop Remix,37i9dQZF1DXcZDD7cfEKhW,pop,dance pop,0.702,0.814,0,-7.51,0,0.0841,0.107,3.03e-5,0.374,0.503,121.993,172000
0Fc9QSMX6fgEBgDjUax7t7,Ruin My Life - Steve James Remix,Zara Larsson,58,6rWRg6yLGcLdG0IRaCB9LN,Ruin My Life (Remixes),2018-11-23,Pop Remix,37i9dQZF1DXcZDD7cfEKhW,pop,dance pop,0.723,0.837,11,-6.487,1,0.0389,0.0103,4.77e-4,0.0834,0.643,123.952,177097
7AasLZ4TYgh7dbJXZxcZVE,Torn - KREAM Remix,Ava Max,60,6gKLNSKPll9DAG5xiygMxD,Torn (KREAM Remix),2019-09-05,Pop Remix,37i9dQZF1DXcZDD7cfEKhW,pop,dance pop,0.742,0.864,0,-5.06,1,0.0976,0.00141,0.00467,0.241,0.727,125.032,169935
7p4jpmyBnOpqQ3rSGJzZ7w,Quite Miss Home - Steve Void Remix,James Arthur,60,4H87kr1cjR2CSUkTFopYEK,Quite Miss Home (Steve Void Remix),2019-11-22,Pop Remix,37i9dQZF1DXcZDD7cfEKhW,pop,dance pop,0.716,0.815,10,-4.121,1,0.0533,0.108,0,0.163,0.351,124.975,220413
4sLtguRBis05qfsBgJ1IdN,Love Me Less (feat. Quinn XCII) - Party Pupils Remix,MAX,55,3E3l9Ae226bVoSwoPNuwWv,Love Me Less (Remixes),2019-06-21,Pop Remix,37i9dQZF1DXcZDD7cfEKhW,pop,dance pop,0.748,0.831,1,-5.029,1,0.115,0.0823,7.36e-5,0.0757,0.894,128.024,185273
508lUjbGcPrL0CfvHC7UvI,Happier - Matt Medved Remix,Marshmello,59,44iw4l4Syoi5HZgCQzNSKJ,Happier (Remixes Pt. 2),2018-11-30,Pop Remix,37i9dQZF1DXcZDD7cfEKhW,pop,dance pop,0.816,0.833,5,-5.972,1,0.0511,0.126,9.09e-6,0.0625,0.793,122.032,170164
7FDaS1k08rwMoAThmzUkOZ,Side Effects - Fedde Le Grand Remix,The Chainsmokers,63,3Yb3f9PL7aBpjuJPyiV0ot,Side Effects - Remixes,2018-07-25,Pop Remix,37i9dQZF1DXcZDD7cfEKhW,pop,dance pop,0.633,0.854,0,-4.046,0,0.0432,0.0382,2.83e-5,0.434,0.659,126.026,172360
6m8SIT10j41SPpPFOknTmP,Good Things Fall Apart (with Jon Bellion) [Tiësto's Big Room Remix],ILLENIUM,67,1r4KIEhxQJ7o3b5Fbv2sRe,Good Things Fall Apart (with Jon Bellion) [Tiësto's Big Room Remix],2019-07-12,Pop Remix,37i9dQZF1DXcZDD7cfEKhW,pop,dance pop,0.563,0.81,2,-2.921,1,0.0522,0.00522,0,0.0846,0.495,129.975,247385
5Vwgf4MVO0vLv8fbxaGGiW,Paradise - Bazzi vs. Black Caviar Remix,Bazzi vs.,55,0TLVzJLOGaY5j7UdKskpMx,Paradise (Bazzi vs. Black Caviar Remix),2019-06-27,Pop Remix,37i9dQZF1DXcZDD7cfEKhW,pop,dance pop,0.728,0.815,11,-2.878,0,0.046,0.00223,3.17e-4,0.101,0.681,124.019,218015
5scxjvcdozadBoRRN0UMaM,White Mercedes - EDX's Miami Sunset Remix,Charli XCX,56,37vNU8L52IJZuO7e9hqBd9,White Mercedes (EDX's Miami Sunset Remix),2019-10-25,Pop Remix,37i9dQZF1DXcZDD7cfEKhW,pop,dance pop,0.846,0.773,5,-3.503,1,0.0473,0.0141,2.23e-5,0.204,0.586,124.008,200444
6oJ6le65B3SEqPwMRNXWjY,Higher Love,Kygo,87,4wquJImu8RtyEuDtIAsfcE,Higher Love,2019-06-28,Pop Remix,37i9dQZF1DXcZDD7cfEKhW,pop,dance pop,0.693,0.678,8,-7.159,1,0.0324,0.0154,6.05e-6,0.101,0.404,103.952,228267
2tilX6FUl0IwFgiOYjuc6V,Unlove You,Armin van Buuren,62,6k63cIUizpLu0h5hhIg8LG,Unlove You,2019-10-18,Pop Remix,37i9dQZF1DXcZDD7cfEKhW,pop,dance pop,0.678,0.928,3,-3.66,0,0.0597,0.0303,3.33e-5,0.143,0.663,116.892,150160
3yNZ5r3LKfdmjoS3gkhUCT,bad guy (with Justin Bieber),Billie Eilish,83,6lMlX68jJrx67hiCqdiDvW,bad guy (with Justin Bieber),2019-07-11,Pop Remix,37i9dQZF1DXcZDD7cfEKhW,pop,dance pop,0.67,0.453,0,-11.265,1,0.295,0.252,0.33,0.117,0.68,135.055,194840
478QYNLw6dhTTx4oEkhBeq,Freaking Me Out - Keanu Silva Remix,Ava Max,55,6sOIjQyLBuivHFkEBttj5J,Freaking Me Out (Keanu Silva Remix),2019-11-01,Pop Remix,37i9dQZF1DXcZDD7cfEKhW,pop,dance pop,0.755,0.931,1,-4.104,0,0.0606,0.132,0.0271,0.0854,0.288,122.041,177466
3C4fzUgIP3ahkhOBdP38GM,Heaven Can Wait - The Aston Shuffle Remix,Sia,61,6fUjIqkNJY56xS62ild7D1,Heaven Can Wait (The Aston Shuffle Remix),2019-05-24,Pop Remix,37i9dQZF1DXcZDD7cfEKhW,pop,dance pop,0.622,0.859,5,-7.626,1,0.0636,6.09e-4,0.746,0.0909,0.442,121.968,218373
2k4c9ZAlIYHyXiJ4i20FO7,When It Comes To You - Benny Benassi & BB Team Remix,Sean Paul,56,13u5uffEUZZBoaI5kn5Zqd,When It Comes To You (Remixes),2019-10-25,Pop Remix,37i9dQZF1DXcZDD7cfEKhW,pop,dance pop,0.789,0.893,10,-4.364,0,0.168,0.0538,0,0.221,0.41,121.956,144073
79zGYOcAe2VmJsyQiJX31a,Gone - The Wild Remix,Charli XCX,57,2QVWSdvejmRHBaK1mroxPL,Gone (The Wild Remix),2019-08-09,Pop Remix,37i9dQZF1DXcZDD7cfEKhW,pop,dance pop,0.64,0.838,6,-4.203,1,0.0416,0.0588,1.99e-5,0.0424,0.587,124.081,193861
6B2NRQjtSOtqi67d72r5cx,American Boy - Brooks Remix,Estelle,56,2oUf4rrrptVC50h75WzjmI,American Boy (Brooks Remix),2019-06-14,Pop Remix,37i9dQZF1DXcZDD7cfEKhW,pop,dance pop,0.609,0.764,5,-4.564,0,0.111,0.0994,0,0.197,0.531,128.082,200625
08rBIlTMXlF5uEHobZglxv,Million Pieces - M-22 Remix,Bastille,53,4lzn3ikjb2HPZM6U6Y1IRL,Million Pieces (M-22 Remix),2019-09-27,Pop Remix,37i9dQZF1DXcZDD7cfEKhW,pop,dance pop,0.64,0.992,4,-3.318,0,0.0585,0.0832,0.0083,0.109,0.479,123.951,166237
1BmdqDrBU5eohtRwHBls6C,joy. (R3HAB Remix),for KING & COUNTRY,56,2gGMD56Y8DAvIzpoYfA014,joy. (R3HAB Remix),2019-01-25,Pop Remix,37i9dQZF1DXcZDD7cfEKhW,pop,dance pop,0.75,0.81,0,-4.607,0,0.0572,0.0917,1.59e-5,0.111,0.48,120.038,171500
5rxKInBVj0QE87KenyDiLf,Crash Into Me - Settle Down Steavis Aoki Remix,Steve Aoki,34,6GXIqRarFMaBWoF4N33foM,Crash Into Me (Settle Down Steavis Aoki Remix),2019-11-12,Pop Remix,37i9dQZF1DXcZDD7cfEKhW,pop,dance pop,0.535,0.956,1,-2.996,0,0.0343,6.09e-4,0.0109,0.262,0.12,127.984,266719
3kgKVcBpBGuSeaEC0AZGlb,Old Town Road - Diplo Remix,Lil Nas X,74,66FxETmTBazRMZNbvGtGQl,Old Town Road (Diplo Remix),2019-04-29,Pop Remix,37i9dQZF1DXcZDD7cfEKhW,pop,dance pop,0.766,0.771,6,-9.108,1,0.0576,0.00407,3.76e-6,0.113,0.297,140.036,204027
5qCrT9lVmIGxqB8i6bb83P,Lovers + Strangers - GATTÜSO Remix,Starley,46,3BnKoWIFRdfjSmxfQPOHuK,Lovers + Strangers (GATTÜSO Remix),2019-11-15,Pop Remix,37i9dQZF1DXcZDD7cfEKhW,pop,dance pop,0.649,0.821,10,-4.952,0,0.0472,0.017,3.47e-4,0.0655,0.394,125.977,203968
3Lv3frZVXU7Q0JEFvLIzWW,Promises (with Sam Smith) - David Guetta Remix,Calvin Harris,63,7g15PlMnaKmFMUsSpR8aZt,Promises (with Sam Smith) [Remixes],2018-10-19,Pop Remix,37i9dQZF1DXcZDD7cfEKhW,pop,dance pop,0.588,0.697,3,-4.744,0,0.0372,0.186,2.19e-4,0.103,0.225,125.157,190417
2bZYJvVRN5EqIvAUFhUNls,Flames (with ZAYN) - R3HAB & Skytech VIP Remix,R3HAB,55,04MEXjH1XyMV7O0IWDXN5p,Flames (with ZAYN) (R3HAB & Skytech VIP Remix),2019-12-12,Pop Remix,37i9dQZF1DXcZDD7cfEKhW,pop,dance pop,0.355,0.789,5,-4.358,0,0.165,0.0148,0,0.0355,0.169,80.444,237686
3utdq3dPLVD4r7Vv9BnCAI,What Am I - SONDR Remix,Why Don't We,52,1UmAfO69MdjI20N6etueHb,What Am I (SONDR Remix),2019-11-01,Pop Remix,37i9dQZF1DXcZDD7cfEKhW,pop,dance pop,0.542,0.84,0,-5.283,0,0.0419,0.0336,8.45e-5,0.277,0.509,118.02,180361
1ppOGANOzMT01Cxh9jx4hN,Cool Kids,Olympis,67,1ZmJJdNN2BAnVqoiU4xtZe,Cool Kids,2019-11-01,Pop Remix,37i9dQZF1DXcZDD7cfEKhW,pop,dance pop,0.735,0.5,8,-11.297,1,0.0511,0.415,3.12e-5,0.13,0.119,126.1,139048
5Shjuje8PRcX7ueEVajrLH,Loco Contigo (with J. Balvin & Tyga) - Cedric Gervais Remix,DJ Snake,63,4shNfMW19y4WnkuhCHum19,Loco Contigo (with J. Balvin & Tyga) [Cedric Gervais Remix],2019-08-09,Pop Remix,37i9dQZF1DXcZDD7cfEKhW,pop,dance pop,0.752,0.84,6,-4.451,0,0.0373,0.00486,0.0109,0.0916,0.461,124.002,279800
6wKJjrWWP4qpzYbE8oQkc4,All Star - Breathe Carolina Remix,Smash Mouth,60,5lsHOl5P5mWLHeslZCLSaQ,All Star (Breathe Carolina Remix),2019-08-23,Pop Remix,37i9dQZF1DXcZDD7cfEKhW,pop,dance pop,0.748,0.903,3,-5.877,0,0.0385,0.0324,0,0.106,0.751,115.018,217043
6EDH26ppl7R8oV4tGilCkS,Trampoline - Dave Audé Remix,SHAED,45,2ms8D5cy72qBtVnxKlXtP3,Melt (Deluxe),2019-12-27,Pop Remix,37i9dQZF1DXcZDD7cfEKhW,pop,dance pop,0.607,0.955,7,-3.613,0,0.102,0.0163,0.121,0.0725,0.501,125.984,230476
4RaN7556EogBfF80klMEX2,Stay (Don't Go Away) [feat. Raye] - Mark Knight Remix,David Guetta,58,5DInvPwtc0gzZuZjpu1BHc,Stay (Don't Go Away) [feat. Raye] [Mark Knight Remix],2019-07-11,Pop Remix,37i9dQZF1DXcZDD7cfEKhW,pop,dance pop,0.607,0.995,9,-2.325,0,0.0487,0.0921,0.002,0.0445,0.664,124.998,188640
1nwoWaqzB30bD4IPqRNuex,With You - Dexter Remix,Kaskade,51,5cHgBxHHpJLjMWGBBiJEVJ,With You - The Remixes,2019-09-12,Pop Remix,37i9dQZF1DXcZDD7cfEKhW,pop,dance pop,0.679,0.786,1,-6.918,0,0.132,0.119,5.89e-6,0.224,0.47,126.092,196613
4fDBElPGDqZQ3rJorZTm2w,Safety (feat. DJ Snake) - Dark Heart 2am Mix,GASHI,58,393WHbcQ36YL7O87MqYZzJ,Safety (The Dark Heart Remixes) (feat. DJ Snake),2019-11-15,Pop Remix,37i9dQZF1DXcZDD7cfEKhW,pop,dance pop,0.714,0.801,5,-5.8,0,0.0301,0.0204,0.00615,0.334,0.292,124.015,210000
6AZ21kPj2a0INgf3uCviVu,Beautiful (feat. Camila Cabello) - Bazzi vs. EDX's Ibiza Sunrise Remix,Bazzi vs.,56,6KGnQuHVrsfblNq0ekXp3y,Beautiful (feat. Camila Cabello) [Bazzi vs. EDX's Ibiza Sunrise Remix],2018-09-28,Pop Remix,37i9dQZF1DXcZDD7cfEKhW,pop,dance pop,0.69,0.862,2,-4.154,1,0.0944,0.0611,1.85e-5,0.238,0.453,121.975,187869
3uXHSf9sSIpOJWuC1H8DiU,Talk - Disclosure VIP,Khalid,60,3zKB8eOzx6nPOnKUf0A4CS,Talk (Disclosure VIP),2019-03-27,Pop Remix,37i9dQZF1DXcZDD7cfEKhW,pop,dance pop,0.775,0.867,4,-7.388,0,0.204,0.0158,0.0117,0.0355,0.565,128.956,273229
4Q9iBGT9b9CVTtDwsgQWnl,Spicy - Majestic Remix,Herve Pagez,48,1PbOvsQE07RzhUzeaZTldw,Spicy (with Diplo & Charli XCX) [Remixes],2019-10-11,Pop Remix,37i9dQZF1DXcZDD7cfEKhW,pop,dance pop,0.814,0.838,11,-5.547,1,0.0763,0.001,0.0223,0.0185,0.959,121.978,255861
6LCsZ8ARrIq0n9nr6gM2ru,Don't Leave Me Lonely (feat. Yebba) - Claptone Remix,Mark Ronson,56,7kDHIbujnNBfCxe0KhYkZ3,Don't Leave Me Lonely (feat. Yebba) [Claptone Remix],2019-10-04,Pop Remix,37i9dQZF1DXcZDD7cfEKhW,pop,dance pop,0.784,0.779,8,-5.48,1,0.0387,0.0357,0.025,0.0245,0.459,124.994,216714
27F9FlipD657qYRQT3qxFm,Treehouse - R3HAB Remix,James Arthur,56,6T3Bfp49DNsclv7kq9eqP2,Treehouse (R3HAB Remix),2019-09-13,Pop Remix,37i9dQZF1DXcZDD7cfEKhW,pop,dance pop,0.367,0.783,6,-4.504,1,0.154,0.00515,0,0.0545,0.289,88.013,192653
6B9cqNooxIyPfr3P5EB8LA,Hearts Ain't Gonna Lie - Eden Prince Remix,Arlissa,65,00wIfIEWOqJ2RFrRazVl0i,"Hearts Ain't Gonna Lie (Remixes, Pt. 1)",2018-02-09,Pop Remix,37i9dQZF1DXcZDD7cfEKhW,pop,dance pop,0.609,0.83,6,-3.759,0,0.0793,0.201,6.18e-5,0.0321,0.604,117.833,238451
05CwHjIk71RXVU40boRMnR,Call You Mine,The Chainsmokers,39,1ONuDpN0a3zhCUyKCgtuzK,World War Joy,2019-05-31,Dance Pop,37i9dQZF1DWZQaaqNMbbXa,pop,dance pop,0.591,0.702,7,-5.59,1,0.0289,0.225,0,0.414,0.501,104.003,217653
0qc4QlcCxVTGyShurEv1UU,Post Malone (feat. RANI),Sam Feldt,83,41S9bfzXTSGK4HU2mp5qXH,Magnets EP,2019-05-24,Dance Pop,37i9dQZF1DWZQaaqNMbbXa,pop,dance pop,0.59,0.642,7,-3.87,1,0.122,0.0771,0,0.105,0.651,107.356,174444
5icOoE6VgqFKohjWWNp0Ac,Here With Me,Marshmello,83,6NHS3hV16MZyfcp0nSHdrd,Here With Me,2019-03-08,Dance Pop,37i9dQZF1DWZQaaqNMbbXa,pop,dance pop,0.791,0.565,5,-3.933,0,0.0439,0.0623,0,0.156,0.181,99.961,156347
6GIRtKNXokeu25nn7U6Hu8,Easier - Seeb Remix,5 Seconds of Summer,71,1N3m1ZId0DMGaCN83haJLs,Easier (Seeb Remix),2019-07-12,Dance Pop,37i9dQZF1DWZQaaqNMbbXa,pop,dance pop,0.564,0.747,5,-3.374,1,0.0584,0.0728,0,0.151,0.717,97.878,165767
4PkIDTPGedm0enzdvilLNd,Sixteen,Ellie Goulding,81,5AXNN75OmMjFrwst6ExNPx,Sixteen,2019-04-12,Dance Pop,37i9dQZF1DWZQaaqNMbbXa,pop,dance pop,0.669,0.801,8,-5.445,1,0.136,0.268,0,0.0594,0.541,109.919,201072
5PYQUBXc7NYeI1obMKSJK0,Never Really Over,Katy Perry,85,3KjXg0MDej2pG9fv6I22lT,Never Really Over,2019-05-31,Dance Pop,37i9dQZF1DWZQaaqNMbbXa,pop,dance pop,0.77,0.882,8,-4.792,1,0.0602,0.194,0,0.316,0.385,99.991,223523
4Gcv5SsxnQWpmOnUI19EJk,All You Need To Know (feat. Calle Lehmann),Gryffin,76,0xLM3GiU0ZSstvhmeV0hmf,All You Need To Know (feat. Calle Lehmann),2019-03-27,Dance Pop,37i9dQZF1DWZQaaqNMbbXa,pop,dance pop,0.513,0.788,0,-4.629,1,0.0364,0.00968,0,0.11,0.234,139.987,238459
5YkmS18BehACOhIIeUqe6l,I Miss Myself (with HRVY),NOTD,71,0G0ho2sdOWIRRAh1PDTVFd,I Miss Myself (with HRVY),2019-05-03,Dance Pop,37i9dQZF1DWZQaaqNMbbXa,pop,dance pop,0.72,0.864,0,-3.249,1,0.208,0.0856,0,0.16,0.659,96.048,191612
3vQhEd4lOg4mAV6CHCgoHW,South of the Border (feat. Camila Cabello & Cardi B) - Sam Feldt Remix,Ed Sheeran,65,05Bru0ZVTxp4orAyrZIA77,South of the Border (feat. Camila Cabello & Cardi B) [Sam Feldt Remix],2019-10-04,Dance Pop,37i9dQZF1DWZQaaqNMbbXa,pop,dance pop,0.789,0.858,5,-4.388,1,0.0404,0.22,4.58e-5,0.335,0.491,110.012,173455
6wo37KVqFJhtuxPTpLCcfe,Takeaway (feat. Lennon Stella),The Chainsmokers,67,1JawI0XkEwmQ5Bwef3RMbq,World War Joy...Takeaway,2019-07-24,Dance Pop,37i9dQZF1DWZQaaqNMbbXa,pop,dance pop,0.294,0.505,3,-8.106,1,0.042,0.12,0,0.0977,0.357,85.332,209893
3OTSBoYKO7HzGVj8Bu2OH9,All the Time,Zara Larsson,74,4x79GTZCS7XsmxK9qxxMmV,All the Time,2019-06-21,Dance Pop,37i9dQZF1DWZQaaqNMbbXa,pop,dance pop,0.665,0.799,6,-2.868,0,0.0617,0.18,0,0.125,0.5,101.976,228112
4NSW0Km5ZG60L8FthUebPJ,What I Like About You (feat. Theresa Rex),Jonas Blue,81,6gPZmYBSipug1asf4zu9jh,What I Like About You (feat. Theresa Rex),2019-03-22,Dance Pop,37i9dQZF1DWZQaaqNMbbXa,pop,dance pop,0.46,0.8,1,-3.584,1,0.05,0.289,6.16e-6,0.121,0.553,102.46,220396
1xK7enJZVdv37fnnxoZlPq,With You,Kaskade,71,03Rd91m56yw4XklwHF9FHq,With You,2019-06-14,Dance Pop,37i9dQZF1DWZQaaqNMbbXa,pop,dance pop,0.362,0.921,1,-3.815,0,0.486,0.123,0,0.19,0.529,172.191,180840
1z1XegUChLLQfcbtIK8ABn,Body Back (feat. Maia Wright),Gryffin,75,3VCPQRcHVxiVaePlQ6TwoF,Body Back (feat. Maia Wright),2019-10-18,Dance Pop,37i9dQZF1DWZQaaqNMbbXa,pop,dance pop,0.686,0.83,8,-4.437,1,0.0369,0.0948,1.33e-6,0.182,0.486,123.032,214634
6aoGtdWXBkYQ2O2wnyIz2x,Not Ok,Kygo,73,3GTuto6NDtZegL6idSk183,Not Ok,2019-05-23,Dance Pop,37i9dQZF1DWZQaaqNMbbXa,pop,dance pop,0.618,0.66,11,-8.14,0,0.0372,0.0292,2.07e-6,0.325,0.408,105,210944
5tAa8Uaqr4VvA3693mbIhU,Ruin My Life,Zara Larsson,79,2BM5FQCILC33Va2jOZ11Mu,Ruin My Life,2018-10-18,Dance Pop,37i9dQZF1DWZQaaqNMbbXa,pop,dance pop,0.665,0.699,11,-5.265,1,0.0578,0.423,0,0.0969,0.585,124.896,190932
18W92Zm1KjLCbUIszOhpkD,I Wanna Know (feat. Bea Miller),NOTD,74,2xqSl9X8ulJayI0KxABaLV,I Wanna Know (feat. Bea Miller),2018-03-16,Dance Pop,37i9dQZF1DWZQaaqNMbbXa,pop,dance pop,0.661,0.725,6,-4.859,1,0.0563,0.0253,0,0.123,0.605,119.927,197939
3D37T7euWvVJ45evRmriIh,Better With You,3LAU,63,4CoLHunP23dUcORSP1Nfzb,Better With You,2019-03-01,Dance Pop,37i9dQZF1DWZQaaqNMbbXa,pop,dance pop,0.571,0.752,3,-4.872,1,0.0293,0.0196,6.92e-5,0.114,0.25,102.043,192941
3y3brCCecHC3Db18aIOnny,"Carry On (from the Original Motion Picture ""POKÉMON Detective Pikachu"")",Kygo,79,1Z7WbPmn7QFoJ2DrNfEehz,"Carry On (from the Original Motion Picture ""POKÉMON Detective Pikachu"")",2019-04-19,Dance Pop,37i9dQZF1DWZQaaqNMbbXa,pop,dance pop,0.591,0.705,9,-6.519,0,0.079,0.381,1.16e-4,0.131,0.27,121.799,215316
6XqvFyJGdUD5IWee02ARKU,Polaroid,Jonas Blue,16,6x8gRx7RDvPckYBzPodW8w,Blue,2018-11-09,Dance Pop,37i9dQZF1DWZQaaqNMbbXa,pop,dance pop,0.652,0.898,7,-4.481,0,0.0361,0.29,0,0.073,0.472,114.043,193377
575NJxNUVDqwJGdzBrlLbv,Lost In Japan - Remix,Shawn Mendes,75,3ynoYncFXzo2OfPT8j93Pw,Lost In Japan (Remix),2018-09-27,Dance Pop,37i9dQZF1DWZQaaqNMbbXa,pop,dance pop,0.706,0.855,10,-5.377,1,0.215,0.0911,0,0.347,0.293,107.184,201253
70YPzqSEwJvAIQ6nMs1cjY,In Your Arms (with X Ambassadors),ILLENIUM,75,60xcVwuQJAOyu11xf9mObS,ASCEND,2019-08-16,Dance Pop,37i9dQZF1DWZQaaqNMbbXa,pop,dance pop,0.404,0.806,2,-4.75,1,0.0496,0.198,0,0.114,0.112,148.036,220730
7Ht0v0LWBCOEjmNQ0iMpNr,I'm Not Alright,Loud Luxury,55,3AaYBMcqoBYcZLfBsNDLri,I'm Not Alright,2019-07-12,Dance Pop,37i9dQZF1DWZQaaqNMbbXa,pop,dance pop,0.876,0.856,4,-3.884,1,0.0486,0.0812,1.29e-6,0.457,0.685,121.991,185062
6nDKrPlXdpomGBgAlO7UdP,SOS,Avicii,30,7Jx7doYIXITyR2LQB0Hvbc,SOS,2019-04-10,Dance Pop,37i9dQZF1DWZQaaqNMbbXa,pop,dance pop,0.802,0.645,5,-6.181,0,0.0715,0.272,0,0.119,0.376,100.001,157202
2b1BwUGGyKq0CoJd8G1B6M,Harder,Jax Jones,62,1fYOToOfdZXY5hrOra8z2Z,Snacks,2019-07-12,Dance Pop,37i9dQZF1DWZQaaqNMbbXa,pop,dance pop,0.906,0.832,5,-3.004,0,0.0718,0.0909,0,0.152,0.751,104.03,159753
09IStsImFySgyp0pIQdqAc,The Middle,Zedd,84,7nEiwcUSwycvC77kZ9ub7c,The Middle,2018-01-23,Dance Pop,37i9dQZF1DWZQaaqNMbbXa,pop,dance pop,0.753,0.657,7,-3.061,1,0.0449,0.171,0,0.112,0.437,107.01,184732
1lGVyEkGHUz7Pg78QGaS4a,Wanted,NOTD,70,5sPC6RYCERdNCzHLRf9zHb,Wanted,2019-09-27,Dance Pop,37i9dQZF1DWZQaaqNMbbXa,pop,dance pop,0.693,0.674,5,-4.449,1,0.0723,0.185,0,0.0639,0.378,95.972,160998
6ksMjdec8b6C45TUawkAdu,Crash Into Me,Steve Aoki,37,2dRuXHSYXjRubjTkjMFZFD,Crash Into Me,2019-07-12,Dance Pop,37i9dQZF1DWZQaaqNMbbXa,pop,dance pop,0.672,0.815,1,-6.476,0,0.0981,0.00246,0,0.577,0.341,115.033,226093
1vsQb8n0icvMsFnL9663LM,Need Your Love (with Noah Kahan),Gryffin,70,5CaTHgZaRvb2vCK1mVbCR1,Gravity,2019-10-24,Dance Pop,37i9dQZF1DWZQaaqNMbbXa,pop,dance pop,0.581,0.76,0,-3.962,1,0.0406,0.16,0,0.183,0.523,104.099,205787
6pooRNiLyYpxZeIA5kJ5EX,Good Things Fall Apart (with Jon Bellion),ILLENIUM,74,4IYvXJnU8zPRzPPTu4dJUl,Good Things Fall Apart (with Jon Bellion),2019-05-13,Dance Pop,37i9dQZF1DWZQaaqNMbbXa,pop,dance pop,0.643,0.594,2,-5.453,1,0.0318,0.0128,0,0.118,0.442,144.033,216668
5WHTFyqSii0lmT9R21abT8,Don't Call Me Up,Mabel,85,0syM7OUAhV7S6XmOa4nLUZ,Ivy To Roses (Mixtape),2019-01-18,Dance Pop,37i9dQZF1DWZQaaqNMbbXa,pop,dance pop,0.674,0.881,9,-2.853,1,0.147,0.296,3.01e-6,0.0793,0.234,98.994,178480
1pBO9JDqh1y3TbCKEO1OvG,Nostalgic,A R I Z O N A,36,1mfUDy3N3YIHDlJp42IKmY,Nostalgic,2019-06-18,Dance Pop,37i9dQZF1DWZQaaqNMbbXa,pop,dance pop,0.691,0.538,0,-9.952,1,0.103,0.246,0.163,0.178,0.329,99.972,182668
1LjxmkW3xRQP2HzswhYyyc,Let It Be Me,Steve Aoki,52,6nPJEALAjWKOE1jWPws7jj,Let It Be Me,2019-09-06,Dance Pop,37i9dQZF1DWZQaaqNMbbXa,pop,dance pop,0.661,0.758,7,-5.299,1,0.0864,0.0797,0,0.106,0.387,114.098,224061
7FCZhkhzEUVNUAlGauNKIe,Lovers + Strangers,Starley,58,25sQqb9Bw2zbBLXQGJwFRG,Lovers + Strangers,2019-10-11,Dance Pop,37i9dQZF1DWZQaaqNMbbXa,pop,dance pop,0.653,0.69,1,-5.003,1,0.0756,0.109,0,0.136,0.652,110.214,178501
2JoIjuzRplpYGvvLpSW2on,Sad Song (feat. TINI),Alesso,72,0D26ZmfHtg7309j2TEKxnR,Sad Song (feat. TINI),2019-06-14,Dance Pop,37i9dQZF1DWZQaaqNMbbXa,pop,dance pop,0.734,0.693,0,-6.474,1,0.0361,0.0878,0,0.341,0.55,110.021,154024
4PUWpNtDejQwwa80LjvxXl,Sleepless Nights,ayokay,64,7arFGGWl2p1FTC3LPTw7Dz,In the Shape of a Dream,2018-08-31,Dance Pop,37i9dQZF1DWZQaaqNMbbXa,pop,dance pop,0.663,0.696,11,-5.994,1,0.0349,0.0563,6.25e-6,0.226,0.449,139.98,197880
1nufXiTCTTAeJfO9hLHvO8,Save Me Tonight,ARTY,63,0wQCkA93jbaOowF6bHsDfz,Save Me Tonight,2019-01-25,Dance Pop,37i9dQZF1DWZQaaqNMbbXa,pop,dance pop,0.55,0.899,5,-3.284,0,0.0458,0.0113,9.65e-5,0.137,0.408,125.85,170079
1NDxZ7cFAo481dtYWdrUnR,Pretty Girl - Cheat Codes X CADE Remix,Maggie Lindemann,77,1XYA8eDvomdYTbQBzk0jT1,Pretty Girl (Cheat Codes X CADE Remix),2017-03-02,Dance Pop,37i9dQZF1DWZQaaqNMbbXa,pop,dance pop,0.703,0.868,7,-4.661,0,0.0291,0.15,0.132,0.104,0.733,121.03,193613
1ahVFh0ViDZr8LvkEVlq3B,No Sleep (feat. Bonn),Martin Garrix,76,7KJTuTXYSnBGNgAxte3CSg,No Sleep (feat. Bonn),2019-02-21,Dance Pop,37i9dQZF1DWZQaaqNMbbXa,pop,dance pop,0.44,0.635,11,-6.385,1,0.0326,0.129,0,0.121,0.327,128.133,207095
0Ev562zA4pmUsBqjxsxxdx,Feel Good (feat. Daya),Gryffin,74,1fP5UnRB0WNWNHSZRHsRCR,Feel Good (feat. Daya),2017-03-03,Dance Pop,37i9dQZF1DWZQaaqNMbbXa,pop,dance pop,0.625,0.707,2,-4.761,1,0.0337,0.22,0,0.213,0.479,138.064,248156
5l8AUgBTWuOECwVgYtaUyE,Endless Summer,Cashae,56,7zygyMUltFYOvHoT3NOTsj,Endless Summer,2019-07-12,Dance Pop,37i9dQZF1DWZQaaqNMbbXa,pop,dance pop,0.625,0.719,4,-5.541,1,0.0612,0.048,0,0.0668,0.326,101.091,202072
35MKhw2YBKApmD7fAnPERC,Faith (with Dolly Parton) [feat. Mr. Probz],Galantis,77,1QrYKuMTMLwpTwzOFhfnOk,Faith (with Dolly Parton) [feat. Mr. Probz],2019-10-25,Dance Pop,37i9dQZF1DWZQaaqNMbbXa,pop,dance pop,0.547,0.795,8,-3.721,1,0.0489,0.145,0,0.11,0.723,118.118,186805
3Kuu5vASpXK8oRsxOvau6P,Think About You,Kygo,71,5vZy4cohzmdhOUGCdsUNpt,Think About You,2019-02-14,Dance Pop,37i9dQZF1DWZQaaqNMbbXa,pop,dance pop,0.673,0.596,10,-7.891,1,0.0354,0.166,0,0.11,0.19,123.969,208567
7KW3XQV5Or5CF57MYVj5h4,Party For One,Carly Rae Jepsen,64,25it7uSpNFuRoD6uNc0Tfu,Dedicated,2019-05-17,Dance Pop,37i9dQZF1DWZQaaqNMbbXa,pop,dance pop,0.699,0.633,6,-6.547,1,0.0362,0.0453,0,0.101,0.458,123.449,184533
3M9Apu4OZfylLTFKvgEtKa,Ritual,Tiësto,82,0efvl0HsK2xxttk4IVOJry,Ritual,2019-05-31,Dance Pop,37i9dQZF1DWZQaaqNMbbXa,pop,dance pop,0.647,0.726,3,-4.389,0,0.0552,0.157,0,0.0844,0.767,114.996,198996
5N4erncE7kuUccm7zEmwzk,Electricity (with Dua Lipa),Silk City,81,429B3se6xtZuvblNnS2iy7,Electricity (with Dua Lipa),2018-09-06,Dance Pop,37i9dQZF1DWZQaaqNMbbXa,pop,dance pop,0.588,0.67,0,-6.439,1,0.0473,0.0104,3.33e-6,0.338,0.505,118.159,238173
6QcrReLyoun4xrPVsZ5OJE,Lie,Shallou,41,4v1f4kZMvCpwCSwkxC82ia,Lie,2018-01-25,Dance Pop,37i9dQZF1DWZQaaqNMbbXa,pop,dance pop,0.655,0.427,2,-11.684,0,0.0799,0.295,0.00108,0.0788,0.224,107.992,215446
1kQhi22kyluRCnIPAXtxEZ,I Found You (with Calvin Harris),benny blanco,62,7dQ734EW0iLvQfF6vBFNiZ,FRIENDS KEEP SECRETS,2018-12-07,Dance Pop,37i9dQZF1DWZQaaqNMbbXa,pop,dance pop,0.79,0.865,6,-4.159,1,0.0438,0.0264,0.0892,0.24,0.362,122.99,189165
5cE201rNvIkryS8N1dJ5nR,Now That I Found You,Carly Rae Jepsen,5,1xqz6l2gObcbw25EqODDCt,Now That I Found You / No Drug Like Me,2019-02-27,Dance Pop,37i9dQZF1DWZQaaqNMbbXa,pop,dance pop,0.611,0.737,0,-5.154,0,0.0476,0.0145,0,0.107,0.574,124.169,200318
4AkCyd9Nlbt8JprQq9V6o2,All Comes Back To You,R3HAB,72,5sF8cTLQirqDYQWJwzxq87,All Comes Back To You,2019-10-25,Dance Pop,37i9dQZF1DWZQaaqNMbbXa,pop,dance pop,0.726,0.763,4,-6.872,1,0.0882,0.524,2.64e-6,0.0943,0.516,128.02,160312
48GmVZwvkoVC5StfMLfNJE,Need U,DVBBS,24,2yBTjWwQLEr2i0LTIcUmwT,Need U,2019-08-16,Dance Pop,37i9dQZF1DWZQaaqNMbbXa,pop,dance pop,0.714,0.705,10,-6.479,1,0.0995,0.292,3.86e-4,0.126,0.471,114.994,219521
01iyINEYgPQ7ThMZuHUsqS,First Love,Lost Kings,58,7syMmofF2t1xI0RFCtrSG9,First Love,2017-10-13,Dance Pop,37i9dQZF1DWZQaaqNMbbXa,pop,dance pop,0.619,0.938,5,-5.245,1,0.35,0.0257,1.39e-5,0.128,0.601,94.38,207428
6BwClo5W3VvTzJv8bvZXDD,Something Real,Armin van Buuren,65,42Q6dojwO2PInszaHUFjly,Something Real,2019-07-12,Dance Pop,37i9dQZF1DWZQaaqNMbbXa,pop,dance pop,0.575,0.808,1,-4.578,1,0.0439,0.0446,0,0.0693,0.232,127.922,179531
108r6pnZHStBIktpyyps9w,TIME,Alesso,64,3d0kltye1eEt6vbHZJSJVE,ALESSO MIXTAPE - PROGRESSO VOLUME 1,2019-03-08,Dance Pop,37i9dQZF1DWZQaaqNMbbXa,pop,dance pop,0.768,0.808,5,-1.818,1,0.112,0.00627,5.33e-6,0.343,0.664,119.971,166000
24Hzd4FPhz0HPx9jhM9cap,Something About You (with Rudimental),Elderbrook,53,0xiqgV5gVnjsKVWpBqXyaO,Distinction EP,2019-08-09,Dance Pop,37i9dQZF1DWZQaaqNMbbXa,pop,dance pop,0.767,0.605,6,-5.737,0,0.188,0.559,3.63e-4,0.193,0.657,107.042,203200
4aTtHoSBB0CuQGA6vXBNyp,Home (feat. Bonn),Martin Garrix,72,1cL51Zp86zgzMDTXRiq8w9,Home (feat. Bonn),2019-08-16,Dance Pop,37i9dQZF1DWZQaaqNMbbXa,pop,dance pop,0.466,0.612,8,-4.855,0,0.0307,0.0655,4.07e-6,0.132,0.236,128.114,239067
0gIZLyF3MWQVcspzrLWYod,Simple (STVW Remix),FANNYPACK,39,3FGJOM0PZMpQUZ3CkUSDld,Simple (STVW Remix),2019-04-12,Dance Pop,37i9dQZF1DWZQaaqNMbbXa,pop,dance pop,0.434,0.917,9,-3.613,0,0.0633,0.301,1.8e-5,0.289,0.622,121.967,147554
6y1UtRcHQU07aUs3oxZ8Yn,Sorry,Joel Corry,75,1PvEp0qeU6o2rm0i2qUC2N,Sorry,2019-04-05,Dance Pop,37i9dQZF1DWZQaaqNMbbXa,pop,dance pop,0.744,0.79,8,-4.617,0,0.0562,0.0547,8.02e-4,0.32,0.847,125.002,188640
54z0kLF0skj0Hdb9wCqPJt,Spicy (with Diplo & Charli XCX),Herve Pagez,60,7J5VpxOH7WctwtGuFYydUz,Spicy (with Diplo & Charli XCX),2019-05-30,Dance Pop,37i9dQZF1DWZQaaqNMbbXa,pop,dance pop,0.837,0.818,8,-4.474,0,0.0533,0.0527,0.00642,0.11,0.484,109.993,157159
6mPstbtzhyqKmwefY4eVWD,The Upside (feat. Elle King),Lindsey Stirling,18,1B9rsSz0Prc3R2NtDrs5nN,The Upside (feat. Elle King) / The Upside / Underground,2019-08-02,Dance Pop,37i9dQZF1DWZQaaqNMbbXa,pop,dance pop,0.514,0.856,2,-4.285,1,0.0717,0.00123,6.34e-6,0.544,0.351,117.014,228502
6uBhi9gBXWjanegOb2Phh0,Stay,Zedd,79,1I4W7JKzYbl8VKRfD61DIS,Stay,2017-02-23,Dance Pop,37i9dQZF1DWZQaaqNMbbXa,pop,dance pop,0.69,0.622,5,-5.025,0,0.0622,0.253,0,0.116,0.544,102.04,210091
1Pe3Tnahd3nNcKrTvNvNvW,Million Voices,Armin van Buuren,60,5cqwXF2j9LkvFInBFlnQd3,Balance,2019-10-25,Dance Pop,37i9dQZF1DWZQaaqNMbbXa,pop,dance pop,0.466,0.869,3,-4.275,1,0.0529,0.0142,0.00241,0.115,0.185,126.113,187150
4w8niZpiMy6qz1mntFA5uM,"Taki Taki (with Selena Gomez, Ozuna & Cardi B)",DJ Snake,83,0ZHyvPke0EcVt6rYA8Ins3,"Taki Taki (with Selena Gomez, Ozuna & Cardi B)",2018-09-28,Dance Pop,37i9dQZF1DWZQaaqNMbbXa,pop,dance pop,0.842,0.801,8,-4.167,0,0.228,0.157,4.82e-6,0.0642,0.617,95.881,212500
7BKLCZ1jbUBVqRi2FVlTVw,Closer (feat. Halsey),The Chainsmokers,85,0rSLgV8p5FzfnqlEk4GzxE,Closer (feat. Halsey),2016-07-29,Dance Pop,37i9dQZF1DWZQaaqNMbbXa,pop,dance pop,0.748,0.524,8,-5.599,1,0.0338,0.414,0,0.111,0.661,95.01,244960
2IDHoSlbG0CKH9rhq68wTb,Say My Name (feat. Zyra) - RAC Mix,ODESZA,47,7Eg6srmG6BVIEiUmiRjzI4,Say My Name Remixes,2014-10-13,Dance Pop,37i9dQZF1DWZQaaqNMbbXa,pop,dance pop,0.647,0.624,9,-8.446,1,0.0451,0.025,0.056,0.0616,0.477,115.002,243091
60wwxj6Dd9NJlirf84wr2c,Clarity,Zedd,74,7juWTdmjo0vYywWu8HiQxs,Clarity,2012-01-01,Dance Pop,37i9dQZF1DWZQaaqNMbbXa,pop,dance pop,0.509,0.781,8,-3.48,1,0.072,0.0398,0,0.0749,0.176,128,271427
6kPJZM97LwdG9QIsT7khp6,Solo (feat. Demi Lovato),Clean Bandit,80,1q7a5wZeti0neU2jDn8Dz3,Solo (feat. Demi Lovato),2018-05-17,Dance Pop,37i9dQZF1DWZQaaqNMbbXa,pop,dance pop,0.737,0.636,11,-4.546,0,0.0437,0.0441,6.66e-5,0.35,0.565,105.005,222653
3ebXMykcMXOcLeJ9xZ17XH,Scared to Be Lonely,Martin Garrix,81,2v9rQe4F8fVSh5v8bAq0jF,Scared to Be Lonely,2017-01-27,Dance Pop,37i9dQZF1DWZQaaqNMbbXa,pop,dance pop,0.584,0.54,1,-7.786,0,0.0576,0.0895,0,0.261,0.195,137.972,220883
7iNIg7XDEaYECfWD5dJ9Va,Friends (with BloodPop®),Justin Bieber,76,7huML9zDbY4thKH0xSuZTP,Friends (with BloodPop®),2017-08-17,Dance Pop,37i9dQZF1DWZQaaqNMbbXa,pop,dance pop,0.743,0.733,8,-5.337,1,0.0375,0.00402,0,0.304,0.622,104.977,189467
6cy3ki60hLwimwIje7tALf,RITMO (Bad Boys For Life),The Black Eyed Peas,96,6EobpC5SDFy5DF50dWNVGF,RITMO (Bad Boys For Life),2019-10-12,Dance Pop,37i9dQZF1DWZQaaqNMbbXa,pop,dance pop,0.721,0.716,10,-7.037,0,0.0657,0.0334,8.4e-4,0.237,0.667,104.994,221714
5N5k9nd479b1xpDZ4usjrg,Promises (with Sam Smith),Calvin Harris,84,2tpWgbBdzjkaJVJzR4T8y1,Promises (with Sam Smith),2018-08-17,Dance Pop,37i9dQZF1DWZQaaqNMbbXa,pop,dance pop,0.781,0.768,11,-5.991,1,0.0394,0.0119,4.9099999999999996e-06,0.325,0.486,123.07,213309
0qaWEvPkts34WF68r8Dzx9,Turn Me On (feat. Vula),Riton,86,7mtnp7B5yFt3D3PAznGzc8,Turn Me On (feat. Vula),2019-09-13,Dance Pop,37i9dQZF1DWZQaaqNMbbXa,pop,dance pop,0.737,0.828,11,-4.711,1,0.0396,0.0149,5.83e-4,0.0862,0.517,124.052,208474
6jq6rcOikCZAmjliAgAmfT,Light,San Holo,68,4k2ygY7kW4n1eVtR2i0F0H,Light,2017-02-10,Dance Pop,37i9dQZF1DWZQaaqNMbbXa,pop,dance pop,0.57,0.763,1,-4.137,1,0.0573,0.0857,2.49e-6,0.0932,0.43,150.088,239853
762UXiwEHYY97VL45sAUPR,2U,David Guetta,66,0EYVu7ginQ5nPsQj3woBAQ,2U,2017-06-09,Dance Pop,37i9dQZF1DWZQaaqNMbbXa,pop,dance pop,0.551,0.651,8,-5.828,0,0.0594,0.225,0,0.224,0.562,144.875,194907
6RUKPb4LETWmmr3iAEQktW,Something Just Like This,The Chainsmokers,83,4JPguzRps3kuWDD5GS6oXr,Memories...Do Not Open,2017-04-07,Dance Pop,37i9dQZF1DWZQaaqNMbbXa,pop,dance pop,0.617,0.635,11,-6.769,0,0.0317,0.0498,1.44e-5,0.164,0.446,103.019,247160
7ef4DlsgrMEH11cDZd32M6,One Kiss (with Dua Lipa),Calvin Harris,85,7GEzhoTiqcPYkOprWQu581,One Kiss (with Dua Lipa),2018-04-06,Dance Pop,37i9dQZF1DWZQaaqNMbbXa,pop,dance pop,0.791,0.862,9,-3.24,0,0.11,0.037,2.19e-5,0.0814,0.592,123.994,214847
3zU9rdflI65tK4dkkNSp77,Heroes (we could be),Alesso,73,0tRVSbmOwilUucqjzU0fQw,Forever,2015-05-26,Dance Pop,37i9dQZF1DWZQaaqNMbbXa,pop,dance pop,0.503,0.748,5,-4.124,1,0.0619,0.0305,0,0.343,0.356,125.896,210013
12GEpg2XOPyqk03JZEZnJs,It Ain’t Me (with Selena Gomez),Kygo,69,4VNy5ifZtW3E9SgffbGEti,It Ain't Me,2017-02-17,Dance Pop,37i9dQZF1DWZQaaqNMbbXa,pop,dance pop,0.64,0.533,0,-6.596,1,0.0706,0.119,0,0.0864,0.515,99.968,220781
4kte3OcW800TPvOVgrLLj8,Let Me Love You (Until You Learn To Love Yourself),Ne-Yo,69,4HPdvrPf9RGfJ2hNYrODpC,R.E.D. (Deluxe Edition),2012-01-01,Dance Pop,37i9dQZF1DWZQaaqNMbbXa,pop,dance pop,0.658,0.677,5,-6.628,1,0.0393,0.248,0,0.368,0.248,124.91,251627
0lYBSQXN6rCTvUZvg9S0lU,Let Me Love You,DJ Snake,81,02sEJTj1sye1JaqxqpcSCp,Encore,2016-08-05,Dance Pop,37i9dQZF1DWZQaaqNMbbXa,pop,dance pop,0.649,0.716,8,-5.371,1,0.0349,0.0863,2.63e-5,0.135,0.163,99.988,205947
3vv9phIu6Y1vX3jcqaGz5Z,Roses,The Chainsmokers,73,2GFflENKz28RcMoSuulPZC,Roses,2015-06-16,Dance Pop,37i9dQZF1DWZQaaqNMbbXa,pop,dance pop,0.713,0.802,4,-7.055,1,0.0561,0.0435,0.00377,0.309,0.343,100.001,226739
2QtJA4gbwe1AcanB2p21aP,Stay The Night - Featuring Hayley Williams Of Paramore,Zedd,61,4xak0izXQHOMV9Wu1mDAAy,Clarity (Deluxe),2012,Dance Pop,37i9dQZF1DWZQaaqNMbbXa,pop,dance pop,0.596,0.738,8,-3.109,1,0.0411,0.109,0,0.0947,0.461,127.961,217347
1BltsyC5W3SAABdxyrDXwi,Latch,Disclosure,19,1ZFGRj11NnZHos8DUbbpF1,Settle,2013-01-01,Dance Pop,37i9dQZF1DWZQaaqNMbbXa,pop,dance pop,0.503,0.727,1,-5.456,1,0.167,0.0159,9.45e-5,0.0895,0.521,121.985,255632
3tTYxjYYcXFqFXA0AZ1Fav,Flames,David Guetta,57,2Sq9AIsIrad2GygwB6QLPt,7,2018-09-14,Dance Pop,37i9dQZF1DWZQaaqNMbbXa,pop,dance pop,0.609,0.726,5,-4.346,0,0.0414,0.0723,8.45e-6,0.0895,0.362,93.958,195000
09CtPGIpYB4BrO8qb1RGsF,Sorry,Justin Bieber,81,6Fr2rQkZ383FcMqFyT7yPr,Purpose (Deluxe),2015-11-13,Dance Pop,37i9dQZF1DWZQaaqNMbbXa,pop,dance pop,0.654,0.76,0,-3.669,0,0.045,0.0797,0,0.299,0.41,99.945,200787
0azC730Exh71aQlOt9Zj3y,This Is What You Came For,Calvin Harris,79,3pEgGUv379EDinvg1TN7Kt,This Is What You Came For,2016-04-29,Dance Pop,37i9dQZF1DWZQaaqNMbbXa,pop,dance pop,0.63,0.928,9,-2.787,0,0.0331,0.199,0.124,0.148,0.465,123.963,222160
4h8VwCb1MTGoLKueQ1WgbD,Wake Me Up,Avicii,84,1s9tU91VJt4sU5owi29GD3,True,2013-01-01,Dance Pop,37i9dQZF1DWZQaaqNMbbXa,pop,dance pop,0.532,0.783,2,-5.697,1,0.0523,0.0038,0.0012,0.161,0.643,124.08,247427
0E9ZjEAyAwOXZ7wJC0PD33,In My Mind,Dynoro,84,1c79SozES9Eb3Lzf9KVaIa,In My Mind,2018-06-08,Dance Pop,37i9dQZF1DWZQaaqNMbbXa,pop,dance pop,0.694,0.77,6,-5.335,1,0.149,0.176,1.1e-5,0.118,0.163,125.905,184560
0lHAMNU8RGiIObScrsRgmP,Titanium (feat. Sia),David Guetta,66,5aprcHwM1KJhaY9Kbxkfkn,Nothing but the Beat 2.0,2011-08-26,Dance Pop,37i9dQZF1DWZQaaqNMbbXa,pop,dance pop,0.604,0.787,0,-3.674,0,0.103,0.0679,0.15,0.127,0.301,126.062,245040
0n8ob8S72lvznoVfiwz4qL,Where Are Ü Now,Skrillex,8,6Fr2rQkZ383FcMqFyT7yPr,Purpose (Deluxe),2015-11-13,Dance Pop,37i9dQZF1DWZQaaqNMbbXa,pop,dance pop,0.432,0.74,7,-5.053,1,0.062,0.0342,6.59e-6,0.14,0.193,139.42,242520
4r6eNCsrZnQWJzzvFh4nlg,Firework,Katy Perry,64,2eQMC9nJE3f3hCNKlYYHL1,Teenage Dream,2010-01-01,Dance Pop,37i9dQZF1DWZQaaqNMbbXa,pop,dance pop,0.638,0.832,8,-5.039,1,0.049,0.141,0,0.113,0.648,124.071,227893
0GzmMQizDeA2NVMUaZksv0,Mi Gente (feat. Beyoncé),J Balvin,61,55228F4QRlYDzJ4H02tDHA,Mi Gente (feat. Beyoncé),2017-09-28,Dance Pop,37i9dQZF1DWZQaaqNMbbXa,pop,dance pop,0.759,0.716,11,-6.36,0,0.0818,0.0223,0,0.231,0.469,105.009,209733
1MlAkYV0nbRKWhhfvTt3zc,Don't You Worry Child - Radio Edit,Swedish House Mafia,27,2OW1FFaG8vgbRl0WilKz1B,Until Now,2012-01-01,Dance Pop,37i9dQZF1DWZQaaqNMbbXa,pop,dance pop,0.614,0.832,11,-3.419,0,0.0522,0.11,0,0.185,0.429,129.038,213169
1WkMMavIMc4JZ8cfMmxHkI,"CAN'T STOP THE FEELING! (Original Song from DreamWorks Animation's ""TROLLS"")",Justin Timberlake,74,65ayND23IInUPHJKsaAqe7,TROLLS (Original Motion Picture Soundtrack),2016-09-23,Dance Pop,37i9dQZF1DWZQaaqNMbbXa,pop,dance pop,0.669,0.832,0,-5.72,1,0.0682,0.0106,0,0.0968,0.7,113.035,237547
7C7yqFTM0ncyJ04GIKrxdV,Anything Could Happen,Ellie Goulding,57,4754Cgv1sdfwTpdVX83xAC,Halcyon,2012-01-01,Dance Pop,37i9dQZF1DWZQaaqNMbbXa,pop,dance pop,0.702,0.781,0,-4.081,1,0.03,0.433,0,0.135,0.382,102.997,286322
0WfKDYeUAoLA3vdvLKKWMW,Poker Face,Lady Gaga,69,2FBA8NCSuQNi8jaR2Xjbal,The Fame,2008-01-01,Dance Pop,37i9dQZF1DWZQaaqNMbbXa,pop,dance pop,0.851,0.806,4,-4.618,1,0.0786,0.12,1.33e-6,0.121,0.776,119.001,237200
22mek4IiqubGD9ctzxc69s,How Deep Is Your Love,Calvin Harris,77,3cG32DOXJoYlOHMmJIaQsm,How Deep Is Your Love,2015-07-17,Dance Pop,37i9dQZF1DWZQaaqNMbbXa,pop,dance pop,0.738,0.868,11,-4.373,0,0.0731,0.0389,0.00171,0.388,0.336,122.003,212640
61ZM92T2zaXIVsqncThQzC,In Your Eyes (feat. Alida),Robin Schulz,74,7Aq8cN8Br8AHcDqC327dlV,In Your Eyes (feat. Alida),2020-01-10,Dance Room,37i9dQZF1DX2ENAPP1Tyed,pop,dance pop,0.57,0.672,8,-5.89,0,0.0723,0.177,0,0.0768,0.448,120.019,208222
6TnxdnJcZIwCWiCHq5Qds0,Wish You Well (with Sigala),Sigala,5,1vlHG5JJCSsWBuA5vPTY7Q,Get To Know,2019-09-27,Dance Room,37i9dQZF1DX2ENAPP1Tyed,pop,dance pop,0.67,0.89,5,-3.785,0,0.0576,0.122,0,0.333,0.568,124.967,206440
2aFAmDBycyEnj3lcS95JMe,With You - LöKii Remix,Kaskade,57,5cHgBxHHpJLjMWGBBiJEVJ,With You - The Remixes,2019-09-12,Dance Room,37i9dQZF1DX2ENAPP1Tyed,pop,dance pop,0.708,0.727,9,-7.647,1,0.0389,0.0201,0.676,0.37,0.512,120.012,231480
0Npijoc6ZcUe1devUugKvI,Dive,Hot Shade,68,2DUrw9sLe99AbZ8cRbsXk8,Dive,2019-12-20,Dance Room,37i9dQZF1DX2ENAPP1Tyed,pop,dance pop,0.654,0.787,4,-4.999,1,0.0502,0.00515,0,0.144,0.409,123.978,164490
5gwLIRjGFf3hXuHoKEsWLg,No Goodbye,Paul Kalkbrenner,65,1ix4O6SU7i8W2H6RYb3O8R,No Goodbye,2019-07-26,Dance Room,37i9dQZF1DX2ENAPP1Tyed,pop,dance pop,0.945,0.584,6,-7.649,0,0.044,0.0955,0.341,0.147,0.626,124.996,168547
3d4lc8esnUl7Bx9J9d9oty,Work,MOTi,58,7G0zAdOGlZALLj0yIu1b7j,Work,2019-01-25,Dance Room,37i9dQZF1DX2ENAPP1Tyed,pop,dance pop,0.704,0.929,0,-4.447,1,0.0395,0.0395,0.0249,0.181,0.633,126.055,155238
0U6bQIAh6MCGo1xjbIIx2S,Instagram,Dimitri Vegas & Like Mike,81,7FTzcNdsKhMe53orWXsai8,Instagram,2019-07-05,Dance Room,37i9dQZF1DX2ENAPP1Tyed,pop,dance pop,0.765,0.906,8,-2.097,0,0.0965,0.125,0,0.423,0.95,96.071,184558
3oIVK7arAFuUOCGafPLxSC,Better Off Without You (feat. Shift K3Y),Becky Hill,68,6ItQBh0GYXQc3jYGP79Ww9,Better Off Without You (feat. Shift K3Y),2020-01-10,Dance Room,37i9dQZF1DX2ENAPP1Tyed,pop,dance pop,0.682,0.855,7,-3.282,1,0.0401,0.0566,1e-6,0.101,0.304,124.004,198743
2I4jAMEOEUQD5V1byYCqNS,Butterfly,Molella,43,34WpdPTXdf5kPoDShF9Nsv,Butterfly,2019-06-21,Dance Room,37i9dQZF1DX2ENAPP1Tyed,pop,dance pop,0.627,0.662,7,-7.104,0,0.0349,0.0922,1.66e-4,0.143,0.596,124.039,159194
59QmL8ygKtVfMHmPx3GaBX,All The Love You Got,MOTi,57,7iCEc635CaDogFMA6NPmUc,All The Love You Got,2019-12-20,Dance Room,37i9dQZF1DX2ENAPP1Tyed,pop,dance pop,0.762,0.736,7,-7.66,1,0.0778,0.135,0.0538,0.113,0.248,126.007,165714
5EdYlCWou17k0N1PADLKfO,Call You Mine - Asketa & Natan Chaim Remix,The Chainsmokers,58,1nqYsOef1yKKuGOVchbsk6,Call You Mine - The Remixes,2019-07-19,Dance Room,37i9dQZF1DX2ENAPP1Tyed,pop,dance pop,0.577,0.844,7,-3.364,1,0.0406,0.00407,6.13e-6,0.499,0.283,115.066,183653
5MvsfUN0H79C24t3fPepeL,Love Is Not Enough,GATTÜSO,58,4pMsuhPZP44rMBrgDQKGFL,Love Is Not Enough,2019-12-19,Dance Room,37i9dQZF1DX2ENAPP1Tyed,pop,dance pop,0.632,0.816,8,-4.584,1,0.0349,0.00205,0.106,0.119,0.134,127.95,202500
7CHi4DtfK4heMlQaudCuHK,Lose Control,MEDUZA,91,1qSOaTvsCOyFJya3v1UzkP,Lose Control,2019-10-11,Dance Room,37i9dQZF1DX2ENAPP1Tyed,pop,dance pop,0.598,0.526,10,-8.659,0,0.0415,0.129,0,0.14,0.529,123.935,168387
1CW7tYkpJ95c7bQkRf6CcK,I Wanna Dance,Jonas Blue,67,3niF8tyjfJw8pmfc6VYKGa,I Wanna Dance,2019-07-19,Dance Room,37i9dQZF1DX2ENAPP1Tyed,pop,dance pop,0.825,0.841,0,-6.433,1,0.135,0.0906,0.00411,0.258,0.616,126.026,184582
4bSFPMXKYaCoBhzJv276zl,After The Landslide - Club Remix,Matt Simons,42,5dUclWPRHUknlqyiffoqfE,After The Landslide (Remix),2019-09-19,Dance Room,37i9dQZF1DX2ENAPP1Tyed,pop,dance pop,0.63,0.731,6,-4.985,1,0.0352,0.0191,7.82e-6,0.704,0.46,119.997,240000
5AFrctm65wWIqJsjHPPx85,Midnight Hour with Boys Noize & Ty Dolla $ign,Skrillex,70,65Xj1lewlRP7RB5LiCeNBV,Midnight Hour with Boys Noize & Ty Dolla $ign,2019-08-29,Dance Room,37i9dQZF1DX2ENAPP1Tyed,pop,dance pop,0.795,0.899,0,-4.202,1,0.0685,0.00235,3.92e-4,0.199,0.329,125.978,198839
3DsjHcLYMExprXJECT4QQP,Pon de Replay,Ed Marquis,64,3D74WUurXHavsASBjlxONT,Pon de Replay,2017-04-28,Dance Room,37i9dQZF1DX2ENAPP1Tyed,pop,dance pop,0.529,0.717,6,-7.049,0,0.24,0.123,7.07e-4,0.0363,0.481,103.99,257943
7FjZU7XFs7P9jHI9Z0yRhK,So Close,NOTD,79,4ZIaWbFnkMozASM1CA59K6,So Close (feat. Georgia Ku),2018-11-02,Dance Room,37i9dQZF1DX2ENAPP1Tyed,pop,dance pop,0.7,0.872,10,-5.896,1,0.0666,0.121,7.08e-6,0.103,0.761,125.03,190302
5ijpy4l0nKZPIKHui6SQfE,Look Into My Eyes,Brando,48,7DnfkpW8qZvwrd5juFewce,Look Into My Eyes,2020-01-10,Dance Room,37i9dQZF1DX2ENAPP1Tyed,pop,dance pop,0.791,0.541,1,-7.14,1,0.054,0.123,4.74e-5,0.121,0.433,115.987,154654
6j8eH9frh703HaGBaSRS6u,Not in Control,Glaceo,53,5oePvMoJsFArZDomjsTzlk,Not in Control,2019-12-20,Dance Room,37i9dQZF1DX2ENAPP1Tyed,pop,dance pop,0.904,0.633,0,-5.545,1,0.0958,0.203,2.66e-4,0.163,0.492,121.995,179016
79Vz5MNH7Qe4F7hPKT8tPz,BLUE,Tiësto,75,1WjspDqwIlXKkI7QWGifZ2,BLUE,2019-12-13,Dance Room,37i9dQZF1DX2ENAPP1Tyed,pop,dance pop,0.744,0.725,11,-6.055,1,0.0303,0.018,9.29e-6,0.212,0.904,118.034,167859
65mOk4n0tfrMysFXu12ufx,Don't Waste My Time,Kharfi,46,4n7kOauHRMuQ97McSDr0zm,Don't Waste My Time,2019-11-08,Dance Room,37i9dQZF1DX2ENAPP1Tyed,pop,dance pop,0.772,0.687,9,-6.348,0,0.211,0.0528,0,0.834,0.59,118.116,154286
4w5Grfxx5Rpup6mo5v6bW0,Beat Of My Heart,Lost Frequencies,67,6NQRmMazNOKi0IiIXlNzGh,Alive And Feeling Fine,2019-10-04,Dance Room,37i9dQZF1DX2ENAPP1Tyed,pop,dance pop,0.706,0.524,6,-8.804,1,0.026,0.127,0.00129,0.109,0.296,111.991,183183
3uiQZlSlSDRduWLFBTSEot,Don't Start Now - Kungs Remix,Dua Lipa,65,4mzsZJ8apTlyqRRJgJcFY9,Don't Start Now (Kungs Remix),2019-12-18,Dance Room,37i9dQZF1DX2ENAPP1Tyed,pop,dance pop,0.664,0.699,11,-7.115,0,0.27,0.0352,0,0.0612,0.252,122.019,216256
29ikXeGM6kScvhvqfvgiwO,Drunken Truth,Steve Void,56,2BWk9BoPaXaMi93wZsSoXk,The Seed EP,2019-12-20,Dance Room,37i9dQZF1DX2ENAPP1Tyed,pop,dance pop,0.781,0.745,1,-4.942,0,0.0374,0.0814,9.71e-5,0.106,0.498,110.051,158091
2Eld7kejX6FH9OptVyKQak,Jacques,Jax Jones,42,4ka7Gqb1T5lWqbtPUxiLsC,Jacques,2019-08-28,Dance Room,37i9dQZF1DX2ENAPP1Tyed,pop,dance pop,0.789,0.547,9,-8.738,0,0.0748,0.072,9.21e-5,0.0782,0.48,120.024,203227
3BOcWxFUURAomDXRSDFve4,Something Real,Armin van Buuren,58,5cqwXF2j9LkvFInBFlnQd3,Balance,2019-10-25,Dance Room,37i9dQZF1DX2ENAPP1Tyed,pop,dance pop,0.575,0.808,1,-4.578,1,0.0439,0.0446,0,0.0693,0.232,127.922,179531
4YhN72dRYL2Z3MsaKyT7rS,Stay (Don't Go Away) [feat. Raye],David Guetta,74,581MrXg5n979mmvZaC6AOE,Stay (Don't Go Away) [feat. Raye],2019-05-09,Dance Room,37i9dQZF1DX2ENAPP1Tyed,pop,dance pop,0.669,0.797,9,-5.68,0,0.0624,0.259,0,0.199,0.552,119.865,185943
7DQ5CZjAQdhgDgdnSXxJ7Z,Solid Gold,PNAU,65,3g0mfsWlOOUNheV5L3kQKs,Solid Gold,2019-05-02,Dance Room,37i9dQZF1DX2ENAPP1Tyed,pop,dance pop,0.567,0.946,5,-2.245,0,0.0541,0.0978,1.37e-6,0.0836,0.295,104.983,208367
2aXA9aQfrqaOi1Wy3NfSZI,One Life,Mike Perry,64,2GlcDrDfKOtb2EQPFFGISo,One Life,2019-09-27,Dance Room,37i9dQZF1DX2ENAPP1Tyed,pop,dance pop,0.653,0.757,3,-3.642,1,0.0555,0.0997,0,0.242,0.233,128.015,204591
62XCV3AmCMkPa9X5mCim8O,All ‘Bout The Money,FAULHABER,51,3droSng2pOwou8B3UlZVHW,All ‘Bout The Money,2019-10-18,Dance Room,37i9dQZF1DX2ENAPP1Tyed,pop,dance pop,0.721,0.779,6,-4.239,0,0.0606,0.142,0,0.143,0.327,110.026,169964
5llPdGZJjJFJv9aL6ZaiLY,Never Letting Go,Audien,63,7wufuX5VOkpdsAMxXIekGT,Never Letting Go,2018-11-09,Dance Room,37i9dQZF1DX2ENAPP1Tyed,pop,dance pop,0.534,0.765,1,-3.151,1,0.0338,0.0915,0.00107,0.225,0.117,127.978,172520
7pWK1kMgHy5lNNiIfuRbkP,Used To Love (with Dean Lewis),Martin Garrix,83,3YD1qyD9KPFzzTK1UC1Gvo,Used To Love (with Dean Lewis),2019-10-31,Dance Room,37i9dQZF1DX2ENAPP1Tyed,pop,dance pop,0.651,0.693,4,-4.722,1,0.0375,0.458,0,0.335,0.392,118.97,236765
